,birth,death,gender,hair,height,name,race,realm,spouse
0,,,Female,,,Adanel,Men,,Belemir
1,TA 2978,"February 26 ,3019",Male,Dark (book) Light brown (movie),,Boromir,Men,,
2,,"March ,3019",Male,,,Lagduf,Orcs,,
3,TA 280,TA 515,Male,,,Tarcil,Men,Arnor,Unnamed wife
4,,,Male,,,Fire-drake of Gondolin,Dragons,,
5,SA 2709,SA 2962,Male,,,Ar-Adûnakhôr,Men,Númenor,Unnamed wife
6,,,Male,,,Annael,Elves,,
7,YT,FA 455,Male,Golden,,Angrod,Elves,,Eldalótë
8,,,,,,Angrim,Unknown,,
9,SA 3219,SA 3440,Male,,,Anárion,Men,Gondor,Unnamed wife
10,SA 3118,Still alive,Male,,Tall,Ar-Pharazôn,Men,Númenor,Tar-Míriel
11,SA 2876,SA 3102,Male,,,Ar-Sakalthôr,Men,Númenor,Unnamed wife
12,SA 2960,SA 3177,Male,,,Ar-Gimilzôr,Men,Númenor,Inzilbêth
13,TA 2866,TA 2977,Male,,,Angelimir,Men,,Unnamed wife
14,,,,,,Angelimar,Unknown,,
15,"Late ,Third Age",,Male,,,Angbor,Men,,
16,"Perhaps ,Firstborn",,,,,Nurwë,Elves,,
17,,,,,,Linda (Baggins) Proudfoot,Unknown,,
18,,,,,,Bodo Proudfoot,Unknown,,
19,,FA 510,Male,,Tall,Penlod,Elves,,
20,"Early ,First Age",,Male,,Tallest of the Elves of Gondolin,Pengolodh,Elves,,
21,TA 654,TA 913,Male,,,Tarannon Falastur,Men,Gondor,Berúthiel
22,SA 2277,SA 2637,Female,,,Tar-Vanimeldë,Men,Númenor,Herucalmo
23,SA 1320,SA 1731,Female,,,Tar-Telperiën,Men,Númenor,None
24,SA 2136,SA 2526,Male,,,Tar-Telemmaitë,Men,Númenor,Unnamed wife
25,SA 1174,SA 1574,Male,,,Tar-Súrion,Men,Númenor,Unnamed wife
26,SA 3035,SA 3255,Male,,,Tar-Palantir,Men,Númenor,Unnamed wife
27,SA 3117,SA 3319,Female,,,Tar-Míriel,Men,Númenor,Ar-Pharazôn
28,SA 1474,SA 1873,Male,,,Tar-Minastir,Men,Númenor,Unnamed wife
29,SA 350,SA 751,Male,,,Tar-Elendil,Men,Númenor,Unnamed wife
30,SA 2516,SA 2825,Male,,,Tar-Calmacil,Men,Númenor,Unnamed wife
31,SA 1800,SA 2221,Male,,,Tar-Atanamir,Men,Númenor,Unnamed wife
32,SA 543,SA 942,Male,,,Tar-Meneldur,Men,Númenor,Almarian
33,SA 2618,SA 2899,Male,,,Tar-Ardamin,Men,Númenor,Unnamed wife
34,SA 1634,SA 2035,Male,,,Tar-Ciryatan,Men,Númenor,Unnamed wife
35,SA 1003,SA 1404,Male,,,Tar-Anárion,Men,Númenor,Unnamed wife
36,SA 873,SA 1285,Female,,,Tar-Ancalimë,Men,Númenor,Hallacar
37,SA 1986,SA 2386,Male,,,Tar-Ancalimon,Men,Númenor,Unnamed wife
38,SA 192,SA 603,Male,,,Tar-Amandil,Men,Númenor,Unnamed wife
39,SA 2406,SA 2737,Male,,,Tar-Alcarin,Men,Númenor,Unnamed wife
40,,,,,,Tanta (Hornblower) Baggins,Unknown,,
41,TA 2922,,Female,Dark,Tall,Morwen Steelsheen,Men,Rohan,Thengel
42,,,,,,Squint-eyed Southerner,Unknown,,
43,SA 799,"Early ,Second Age",Male,,,Soronto,Men,,None
44,SA 700,SA 1098,Male,,,Tar-Aldarion,Men,Númenor,Erendis
45,"YT, and perhaps Firstborn",YT 1495,Male,Black,,Finwë,Elves,"Tirion,Formenos","Míriel Serindë then ,Indis"
46,YT 1300,FA 465,Male,Golden,,Finrod,Elves,,"Loved ,Amarië but they never married"
47,"YT during the ,Noontide of Valinor",FA 472,Male,Dark,,Fingon,Elves,Hithlum,
48,YT 1190,FA 455,Male,Dark,,Fingolfin,Elves,"Hithlum,Beleriand",Anairë
49,TA 2950,TA 2988,Female,Dark,,Finduilas of Dol Amroth,Men,,Denethor II
50,First Age,FA 495,Female,Golden,,Finduilas,Elves,,"None; betrothed to ,Gwindor, but never married."
51,Years of the Trees,,Female,,,Findis,Elves,,
52,Fourth Age,"sometime after ,FO 172",Male,,,Findegil,Men,,
53,YT 1230,Still Alive,Male,Golden,,Finarfin,Elves,Tirion,Eärwen
54,,,,,,Fimbrethil,Unknown,,
55,TA 2701,TA 2801,Male,,,Ferumbras Took II,Hobbits,,Unnamed wife
56,"Late ,Third Age","Early ,Fourth Age",Male,Brown (film),,Bill Ferny,Men,,
57,TA 2870,TA 2953,Male,,,Fengel,Men,Rohan,
58,,,,,,Fastred of Greenholm,Unknown,,
59,"Late ,Third Age","March 15 ,3019",Male,,,Fastred (Pelennor Fields),Men,,
60,TA 2858,TA 2885,Male,,,Fastred,Men,,
61,SR 1210,,Male,,,Fastolph Bolger,Hobbits,Shire,Pansy Baggins
62,TA 2560,TA 2803,Male,,,Farin,Dwarves,,Unnamed wife
63,"Mid ,Third Age",TA 1944,Male,,,Faramir (son of Ondoher),Men,,
64,TA 2983,"February 26 ,82",Male,Raven,,Faramir,Men,Minas Ithil,owyn
65,,,,,,Falathar,Unknown,,
66,,,,,,Elfstan Fairbairn,Unknown,,
67,,February 293019,Male,,,Snaga (Two Towers orc),Orcs,,
68,,TA 3019,Male,,,Snaga,Orcs,,
69,"Unknown, first appeared in ,TA 2770","November 1 ,TA 2941",Male,,,Smaug,Dragons,Lonely Mountain,
70,,,,,,Seers,Unknown,,
71,"Late ,Third Age",,Male,,,Robin Smallburrow,Hobbits,,
72,TA 570,TA 830,Male,,,Siriondil,Men,Gondor,Unnamed wife
73,SA 521,,Female,,,Silmariën,Men,,Elatan
74,"Unknown, possibly during the ,First Age","Unknown, possibly TA 3019",Female,,Large and immense,Shelob,Other,Torech Ungol,
75,TA 2050,,Male,,7'1,Shagrat,Other,Cirith Ungol,
76,,TA 2000,Male,None,,Scatha,Dragons,,
77,"Before the creation of ,Arda","March 25 ,3019",Male,Various ,Various until ,Sauron,Maiar,,None
78,"Before the creation of ,Arda","3 November ,3019",Male,White,,Saruman,Maiar,"Isengard,Nan Curunír",None
79,,,,,,Saradoc Brandybuck,Unknown,,
80,Before the creation of Arda,Immortal,Male,,,Salmar,Ainur,,
81,SR 1308,SR 1407,Male,,,Saradas Brandybuck,Hobbits,,
82,"Mid-,Third Age",,Male,,,Sangahyando,Men,,
83,TA 2920,FO 50,Male,,,Ted Sandyman,Hobbits,,
84,,,,,,Sandyman,Unknown,,
85,,Fate officially unknown,Male,,Short,Salgant,Elves,,
86,,,Male,,,Sagroth,Men,,
87,YT,FA 484,Male,,,Saeros,Elves,,
88,Fourth Age,,Male,,,Saelon,Men,,
89,"about ,FA 430",FA 495,Male,,,Sador,Men,,None known
90,SR 1179,,Male,,,Sadoc Brandybuck,Hobbits,,Unnamed wife
91,TA 2964,TA 3019,Male,Sandy,"1.22m (4'0"") ",Lotho Sackville-Baggins,Hobbits,,None
92,TA 2918,TA 3020,Female,,"1.17m (3'10"")",Lobelia Sackville-Baggins,Hobbits,,Otho Sackville-Baggins
93,,,,,,Camellia (Sackville) Baggins,Unknown,,
94,TA 1126,TA 1366,Male,,,Rómendacil II,Men,Gondor,Unnamed wife
95,YT,,Male,,,Rúmil (Noldo),Elves,,
96,TA 310,TA 541,Male,,,Rómendacil I,Men,Gondor,Unnamed wife
97,c. T.A. 2328,,Female,,,Rían (Gondor),Men,,Unnamed husband
98,FA 450,FA 473,Female,,,Rían,Men,,Huor
99,,,Male,,,Rufus Burrows,Hobbits,,Asphodel Brandybuck
100,,,,,,Ruffian Leader,Unknown,,
101,,,Male,,,Rúmil of Lórien,Elves,,
102,,,,,,Rudolph Bolger,Unknown,,
103,SR 1255,SR 1348,Male,,,Rudigar Bolger,Hobbits,Bree,Belba Baggins
104,,,,,,Ruby Gamgee,Unknown,,
105,TA 2788,,Male,,,Roäc,Other,,
106,TA 2849,"Late ,Third Age",Male,,,Rowan Greenhand,Hobbits,Shire,Belba Baggins
107,,,,,,Andwise Roper,Unknown,,
108,,FA 510,Male,,,Rog,Elves,,
109,,,,,,River-woman,Unknown,,
110,"Mid ,First Age",FA 460,Male,,,Ragnor,Men,,
111,"Late ,First Age",Late First Age ,Male,,,Ragnir,Men,,
112,"Late ,First Age",FA 460,Male,,,Radhruin,Men,,
113,,,,,,Radbug,Unknown,,
114,"Before the creation of ,Arda",None,Male,Brown-gray (films),,Radagast,Maiar,,None
115,,,,,,Olo Proudfoot,Unknown,,
116,,,,,,Sancho Proudfoot,Unknown,,
117,TA 2904,TA 3005,Male,Brown Gray (movie),,Odo Proudfoot,Hobbits,,Mrs. Proudfoot
118,"Late ,Third Age",,Female,,,Mrs. Proudfoot,Hobbits,,Odo Proudfoot
119,,FA 486,Male,,,Khîm,Dwarves,,
120,Second Age,,Male,White,,Khamûl,Men,"Rhûn,Dol Guldur,Sauron",
121,TA 2947,,Female,,,Ivriniel,Men,,
122,TA 2857,TA 2929,Female,Brown (film),,Ivorwen,Men,,Dírhael
123,SA 532,,Female,,,Isilmë,Men,,
124,"After ,SA 1320","Before ,SA 1731",Male,,,Isilmo,Men,,Unnamed wife
125,SA 3209,TA 2,Male,Black,Very tall almost 7'1,Isildur,Men,"Arnor,Gondor",Unnamed wife
126,TA 2832,TA 2930,Male,,,Isengrim Took III,Hobbits,,Not married
127,TA 2842,TA 2946,Male,,,Isembold Took,Hobbits,,Unnamed wife 
128,"Before the creation of ,Arda",Immortal,Male,,,Irmo,Ainur,,Estë
129,"b. ,TA 2990","Early-,Fourth Age",Male,,,Iorlas,Men,,
130,"Late ,Third Age",,Female,,,Ioreth,Men,,
131,"Late ,Second Age",,Female,,,Inzilbêth,Men,,Ar-Gimilzôr
132,,,,,,Inigo Baggins,Unknown,,
133,YT,"Unknown, probably still alive",Male,Probably Golden,,Ingwion,Elves,,
134,"YT, and perhaps firstborn",Still Alive,Male,Probably Golden,Tall,Ingwë,Elves,"Valinor,Taniquetil",Unnamed wife
135,"Late ,Third Age","Early ,Fourth Age",Male,,,Ingold,Men,,
136,"Mid ,First Age",FA 495,Male,,,Indor,Men,,Unnamed wife
137,,Still Alive,Female,Golden,Tall,Indis,Elves,Tirion,Finwë
138,TA 1950,TA 2076,Male,,,Imrazôr,Men,,Mithrellas
139,TA 2955,FO 34,Male,Black,Tall,Imrahil,Men,,Unnamed wife
140,around FA 325,First Age,Male,,,Imlach,Men,,Unnamed wife
141,"Unknown, Awakened in the ,Years of the Trees",,Female,,,Iminyë,Elves,,Imin
142,"Unknown, Awakened in the ,Years of the Trees",,Male,,,Imin,Elves,,Iminyë
143,,,Male,"Varies, White ",Varies,Eru Ilúvatar,Other,Timeless Halls,None
144,"Before the creation of ,Arda",,Female,,,Ilmarë,Ainur,,
145,YT 1469,Still Alive,Female,Golden,Tall,Idril,Elves,,Tuor
146,,FA 489,Male,,,Ibûn,Dwarves,,"Unknown, possibly none"
147,"Mid-,Third Age","Mid-,Third Age",Male,,,Húrin of Emyn Arnen,Men,,
148,TA 2515,TA 2628,Male,,,Húrin II,Men,,Unnamed wife
149,TA 2124,TA 2244,Male,,,Húrin I,Men,,Unnamed wife
150,FA 441,FA 502,Male,"Golden, grey (in old age)",,Húrin,Men,,Morwen Eledhwen
151,"Late ,Third Age","Winter of ,TA 2759",Male,,,Háma (Helm's son),Men,,
152,TA 2975,"March 3, or ,4 ,3019",Male,Reddish brown (movie),,Háma,Men,,"Unknown, possibly none"
153,TA 1391,TA 1621,Male,,,Hyarmendacil II,Men,Gondor,Unnamed wife
154,TA 899,TA 1149,Male,,,Hyarmendacil I,Men,Gondor,Unnamed wife
155,,,,,,Hurin (Warden of the Keys),Unknown,,
156,FA 442,FA 473,Male,Golden,Tallest of all mortal men save his son Tuor only,Huor,Men,,Rían
157,"Late ,FA",FA 499,Male,,,Hunthor,Men,,Unnamed wife
158,"Late ,First Age",FA 473,Male,,,Hundar,Men,,Unnamed wife
159,"Mid ,FA",Mid FA ,Male,,,Hundad,Men,,Unnamed wife
160,First Age,FA 466,Male,,Horse-sized,Huan,Other,,
161,,,,,,Tobold Hornblower,Unknown,,
162,"Late ,Third Age","Late ,TA 3018",Male,,,Tobias Hornblower,Hobbits,Shire,
163,,,,,,Tanta Hornblower,Unknown,,
164,"Possibly late ,Third Age","March 15 ,TA 3019",Male,Blond (Video game),,Horn,Men,,
165,"Before the creation of ,Arda",Immortal,Male,,,Eönwë,Ainur,,
166,YT,FA 400,Male,Dark,Tall,Eöl,Elves,Nan Elmoth,Aredhel
167,Years of the Trees,Still alive,Female,Star-like ,,Eärwen,Elves,,Finarfin
168,TA 1928,TA 2050,Male,,,Eärnur,Men,Gondor,None
169,TA 1883,TA 2043,Male,,,Eärnil II,Men,Gondor,Unnamed wife
170,TA 736,TA 936,Male,,,Eärnil I,Men,Gondor,Unnamed wife
171,SA 361,"Early ,Second Age",Male,,,Eärendur of Númenor,Men,,Unnamed wife
172,TA 640,TA 861,Male,,,Eärendur of Arnor,Unknown,,Unnamed wife
173,"Late ,Second Age",Late Second Age,Male,,,Eärendur (Lord of Andúnië),Men,,
174,TA 48,TA 324,Male,,,Eärendil of Gondor,Men,Gondor,Unnamed wife
175,FA 503,Still Alive,Male,Golden,,Eärendil,Half-elven,,Elwing
176,"Before the creation of ,Arda",Immortal,Female,,,Estë,Ainur,,Irmo
177,"Late ,Second Age","Early ,Third Age",Male,,,Estelmo,Men,,
178,"Late ,Third Age","early ,Fourth Age",Male,,Tall,Erkenbrand,Men,,
179,,,Male,,,Erestor,Elves,,
180,SA 771,SA 985,Female,Dark,,Erendis,Men,Númenor,Tar-Aldarion
181,unknown,unknown,Male,,,Erellont,Elves,,unknown
182,TA 2990,"Early ,Fourth Age",Male,,,Erchirion,Men,,
183,TA 1999,TA 2116,Male,,,Eradan,Men,,Unnamed wife
184,TA 2995,FO,Female,Pale gold,Tall,owyn,Men,,Faramir
185,TA 2485,TA 2545,Male,Blond,,Eorl the Young,Men,Rohan,Unnamed wife
186,TA 2990,FO 63,Male,Dirty blond,Tall-6'6,omer,Men,Rohan,Lothíriel after the War of the Ring
187,"Unknown, possibly in the ,First Age",,Male,,,Enerdhil,Elves,,
188,"Unknown, Awakened in the ,Years of the Trees",,Female,,,Enelyë,Elves,,Enel
189,"Unknown, Awakened in the Years of the Trees",,Male,,,Enel,Elves,,Enelyë
190,FA 406,,Female,,,Emeldir,Men,,Barahir
191,FA 503,Still Alive,Female,Dark,,Elwing,Half-elven,,Eärendil
192,FA 500,FA 506,Male,Possibly dark,,Eluréd and Elurín,Elves,,
193,FA 532,SA 442,Male,,,Elros,Half-elven,Númenor,Unnamed wife
194,FA 532,"Still alive; departed to ,Aman, on ,September 29 ,3021",Male,Dark,Tall,Elrond,Half-elven,Rivendell,Celebrían
195,TA 2987,FO 57,Male,,,Elphir,Men,,Unnamed wife
196,,,,,,Elmo,Unknown,,
197,TA 130,,Male,Dark,Tall,Elladan and Elrohir,Elves,,
198,FO 8,FO 103,Male,,,Elfwine,Men,Rohan,
199,TA 2950,TA 2978,Female,,,Elfhild,Men,Rohan,Théoden
200,TA 2985,"Early ,Fourth Age",Male,Dark,,Elfhelm,Men,,
201,YT,YT 1500,Female,Golden,Tall,Elenwë,Elves,,Turgon
202,TA 552,TA 777,Male,,,Elendur of Arnor,Men,Arnor,Unnamed wife
203,SA 3299,TA 2,Male,,,Elendur,Men,,Unnamed wife
204,SA 3119,SA 3441 ,Male,Brown,"7' 10""",Elendil,Men,"Arnor,Gondor",Unnamed wife
205,,Presumably still alive,,,,Elemmírë (elf),Elves,,
206,,"FA 510,(presumably)",Male,,,Elemmakil,Elves,,
207,FO 43,"Before ,FO 220",Male,Dark,,Eldarion,Men,"Reunited Kingdom,Arnor,Gondor",
208,YT,,Female,,,Eldalótë,Elves,,Angrod
209,TA 1255,TA 1490,Male,,,Eldacar (King of Gondor),Men,Gondor,Unnamed wife
210,TA 87,TA 339,Male,,,Eldacar (King of Arnor),Men,Arnor,Unnamed wife
211,,,Male,,,Elboron,Men,,
212,"Early ,Second Age",Early Second Age ,Male,,,Elatan,Men,,Silmariën
213,"Mid ,First Age","Between ,FA 455, - ,FA 460",Female,,,Eilinel,Men,,Gorlim
214,"Late ,Third Age",Late Third Age,Female,,,Eglantine (Banks) Took,Hobbits,,Paladin Took II
215,,FA 538,Male,,,Egalmoth (elf),Elves,,"Unknown, possibly none"
216,TA 2626,TA 2743,Male,,,Egalmoth,Men,,Unnamed wife
217,,FA 465,Male,,,Edrahil,Elves,,
218,,FA 510,Male,Dark,,Ecthelion of the Fountain,Elves,,
219,TA 2886,TA 2984,Male,,,Ecthelion II,Men,,Unnamed wife
220,TA 2600,TA 2698,Male,,,Ecthelion I,Men,,Possibly none
221,,,,,,Ebor,Unknown,,
222,"Late ,Third Age","March 15 ,3019",Male,,,Dúnhere,Men,,
223,TA 2760,"After ,TA 2941",Female,,,Dís,Dwarves,,
224,"Late ,First Age",Late First Age ,Male,,,Dírhavel,Men,,
225,TA 2838,"After ,TA 2929",Male,Brown (film),,Dírhael,Men,,Ivorwen
226,"Late ,Third Age","March 15 ,3019",Male,,,Déorwine,Men,,
227,TA 2644,TA 2718,Male,,,Déor,Men,Rohan,
228,"Between TA 2400 and ,TA 2430",TA 2463,Male,Dark-brown,,Déagol,Hobbits,,None
229,TA 3011,,Male,,,Borlas,Men,,Unnamed wife
230,"Late ,First Age",FA 473,Male,,,Borlad,Men,,Unnamed wife
231,TA 1879,TA 1998,Male,,,Pelendur,Men,,
232,Before the creation of Arda,,Male,,,Pallando,Ainur,,
233,TA 2910,TA 3012,Male,,"1.22m (4'0"")",Otho Sackville-Baggins,Hobbits,,Lobelia Sackville-Baggins
234,TA 222,TA 492,Male,,,Ostoher,Men,Gondor,Unnamed wife
235,"Before the creation ,Arda",Immortal,Male,,,Ossë,Ainur,,Uinen
236,,,Male,,,Orophin,Elves,,
237,First Age,SA 3434,Male,,,Oropher,Elves,Woodland Realm,Unnamed wife
238,"Before the creation of ,Arda",Immortal,Male,,Varies,Oromë,Ainur,,Vána
239,SA 382,,Male,,,Oromendil,Men,,
240,TA 2576,TA 2685,Male,,,Orodreth (Steward),Men,,Unnamed wife
241,YT,"FA 495 ,Battle of Tumhalad",Male,Golden,,Orodreth,Elves,Nargothrond,Unnamed wife
242,,,,,,Orleg,Unknown,,
243,TA 2865,TA 2994,Male,,,Ori,Dwarves,,
244,,FA 510,Male,,,Orcobal,Orcs,,
245,"Sometime before ,SA 799",,Male,,,Orchaldor,Men,,Ailinel
246,TA 1787,TA 1944,Male,,,Ondoher,Men,Gondor,Unnamed wife
247,Possibly Firstborn,Still Alive,Male,Silver,,Olwë,Elves,"Tol Eressëa,Alqualondë",Unnamed Wife
248,TA 2923,"Early ,Fourth Age",Male,,,Old Noakes,Hobbits,,Unnamed wife
249,,,,,,Old Man Willow,Unknown,,
250,"Late ,Second Age",,Male,,,Ohtar,Men,,
251,"Early ,Second Age",,Female,,,Núneth,Men,,Beregar
252,Late Second Age ,SA 3065,Male,,,Númendil,Men,,Unnamed wife
253,"Late ,Third Age",Late Third Age ,Male,,,Nár,Dwarves,,
254,"Late ,Third Age",TA 2994,Male,,,Náli,Dwarves,,
255,TA 2338,TA 2585,Male,,,Náin II,Dwarves,Grey Mountains,Unnamed wife
256,TA 1832,TA 1981,Male,,,Náin I,Dwarves,Khazad-dûm,Unnamed wife
257,TA 2665,TA 2799,Male,,,Náin (father of Dáin II Ironfoot),Dwarves,,Unnamed wife
258,"Late ,Third Age",,Male,,,Hob Hayward,Hobbits,Shire,
259,TA 2846,,Male,,,Hob Gammidge,Hobbits,,Rowan
260,"Late ,Third Age","March 15 ,3019",Male,,Tall,Hirluin,Men,,
261,,,,,,Hild,Unknown,,
262,"Late ,Third Age",TA 3019,Male,,Tall,Hirgon,Men,,
263,FO 41,,Male,,,Herumor (Fourth Age),Men,,
264,Second Age,,Male,,,Herumor,Men,,
265,SA 2286,SA 2657,Male,,,Herucalmo,Men,,Tar-Vanimeldë
266,"Late-,Third Age","March 15 ,3019",Male,,,Herubrand,Men,,Unnamed wife
267,TA 2037,TA 2148,Male,,,Herion,Men,,Unnamed wife
268,,,Male,,,Hendor,Elves,,
269,"Late-,Third Age","March 15 ,3019",Male,Gray,,Herefara,Men,,Unnamed wife
270,"Early ,Second Age",unknown,Male,,,Henderch,Men,,
271,TA 2691,TA 2759,Male,,,Helm Hammerhand,Men,Rohan,Unnamed wife
272,,,,,,Mat Heathertoes,Unknown,,
273,"Sometime before ,SA 799",,Male,,,Hatholdir,Men,,Unnamed wife
274,F.A. 365,,Male,,,Hathol,Men,,
275,"Mid ,First Age",FA 460,Male,,,Hathaldir,Men,,
276,FA 419,,Female,,,Hareth,Men,,Galdor
277,"Late ,Third Age","March 15 ,3019",Male,,,Harding,Men,,
278,FA 470,FA 501,Male,,,Hardang,Men,,None
279,FA 441,FA 495,,,,Handir,Men,Brethil,Beldis
280,TA 2760,,Male,,,Hamfast of Gamwich,Hobbits,,Unnamed wife
281,"Late ,First Age",Late First Age ,Male,,,Halmir,Men,,Unnamed wife
282,SA 711,"Mid ,Second Age",Male,,,Hallatan,Men,,Unnamed wife
283,TA 2480,TA 2605,Male,,,Hallas (Steward),Men,,Unnamed wife
284,SA 852,SA 1211,Male,,,Hallacar,Men,,Tar-Ancalimë
285,"Late ,Third Age","Winter of ,TA 2758",Male,,,Haleth (Helm's son),Men,,
286,FA 341,FA 420,Female,,,Haleth,Men,,None
287,,TA 3019,Male,Golden,,Haldir (Lorien),Elves,,
288,FA 413,FA 473,Male,,,Haldir (Haladin),Men,,Glóredhel
289,,,,,,Haldar,Unknown,,
290,,,,,,Haldad,Unknown,,
291,TA 2916,"March 15 ,3019",Male,Black,Tall,Halbarad,Men,,
292,FA 390,FA 455,Male,Golden,,Hador,Men,,Gildis
293,"Late-,Third Age","February 28 ,3019",Male,,,Gárulf,Men,,
294,TA 2245,TA 2395,Male,,,Hador (Steward),Men,,Unnamed wife
295,TA 2767,"March 17 ,3019",Male,,4'5 - 5' (Estimate) ,Dáin II Ironfoot,Dwarves,Lonely Mountain,Unnamed wife
296,TA 2440,TA 2589,Male,,,Dáin I,Dwarves,Grey Mountains,Unnamed wife
297,TA 2772,FO 91,Male,Brown,,Dwalin,Dwarves,,
298,"Before the creation of ,Arda",January 253019,Male,Mane of red flames,"Slightly larger and taller than a Man (book), 20 feet (movie)",Durin's Bane,Maiar,,
299,FO 2,,Male,,,Durin VII,Dwarves,Khazad-dum,
300,,,,,,Durin,Unknown,,
301,"Late-,Third Age","Early-,Fourth Age",Male,Dark (Decipher Card),Tall,Duinhir,Men,,Unnamed wife
302,"Late ,Third Age",TA 3019,Male,,,Duilin,Men,,
303,,FA 465,Male,,,Draugluin,Other,,
304,"Late ,First Age",FA 499,Males,,,Dorlas,Men,,
305,TA 2827,,Male,Gray (film),,Dori,Dwarves,,
306,,,Male,,,Dodinas Brandybuck,Hobbits,,
307,TA 2328,TA 2435,Male,,,Dior (Steward),Men,,Possibly none
308,"FA 470, ","FA 506, ",Male,Possibly dark,,Dior,Half-elven,Doriath,Nimloth
309,,,,,,Dina Diggle,Unknown,,
310,SR 1316,SR 1410,Male,,,Dinodas Brandybuck,Hobbits,,
311,TA 2995,"Before ,FO 63",Female,Brown (film),,Diamond Took,Hobbits,,Peregrin Took
312,"Late ,Third Age",,Male,,,Dervorin,Men,,
313,"Late ,Third Age","Mid ,March ,3019",Male,,,Derufin,Men,,
314,TA 2930,"March 15 ,3019",Male,"Dark, grey (in old age)",,Denethor II,Men,,Finduilas
315,TA 2375,TA 2477,Male,,,Denethor I,Men,,Unnamed wife
316,YT,YT 1497,Male,,,Denethor (First Age),Elves,Ossiriand,
317,"Late ,Third Age",TA 3019,Male,Dark,,Damrod,Men,,
318,,,,,,Daisy Gamgee,Unknown,,
319,"Late ,First Age",FA 460,Male,,,Dairuin,Men,,
320,YT,,Male,Dark ,,Daeron,Elves,,None
321,"YT, 1050. Age = 11,484.9 Sun Years or 1,198.6 Valian Years as of FO 121 (death of Arwen).","Still alive, sailed into the ,West, sometime during the ,Fourth Age last of all elves to leave ,Middle-earth,.",Male,"Silver, bearded",Very tall,Círdan,Elves,,Presumably none
322,"During the ,Noontide of Valinor",FA 506,Male,Dark,,Curufin,Elves,Himlad,Unnamed wife
323,TA 2238,TA 2488,Male,,,in (King of Durin's Folk),Men,Grey Mountains,Unnamed wife
324,TA 2774,TA 2994,Male,,,in,Dwarves,,
325,"Before the creation of ,Arda",Immortal,Male,,Various,mar,Ainur,,None
326,"Early ,First Age",,Male,,,bal,Men,,
327,YT,,Female,,,rimë,Elves,,
328,SA 700,,Female,,,rildë,Men,,
329,"Late ,Third Age",,Male,,,othain,Men,,
330,TA 2961,TA 3002,Male,Blond,,omund,Men,,Théodwyn
331,"c. ,TA 2544",,Male,,,ofor,Men,,Unnamed wife
332,"Early ,Second Age",Early Second Age ,Female,White or grey,,Zamîn,Men,,
333,SA 371,,Female,,,Yávien,Men,,
334,"Before the creation of ,Arda",Immortal,Female,,Varies,Yavanna,Ainur,Pastures of Yavanna,Aulë
335,"Late-,Third Age","Early-,Fourth Age",Male,,,Wídfara,Men,,Unnamed wife
336,"Late ,Third Age",TA 2759,Male,,,Wulf I,Men,Rohan,
337,"Late ,First Age",FA 473,Male,,,Borlach,Men,,
338,TA 2450,TA 2711,Male,,,Borin,Dwarves,,
339,TA 2834,,Male,Ginger,,Bombur,Dwarves,,
340,"Unknown, before the coming of Melkor","Unknown, possibly immortal",Male,Brown,,Tom Bombadil,Unknown,Old Forest,Goldberry
341,,,,,,Wilimar Bolger,Unknown,,
342,TA 2904,TA 3000,Male,,,Wilibald Bolger,Hobbits,,Prisca Baggins
343,,,,,,Theobald Bolger,Unknown,,
344,,,,,,Rudibert Bolger,Unknown,,
345,TA 2938,,Female,,,Rosamunda (Took) Bolger,Men,,Odovacar Bolger
346,,,,,,Prisca (Baggins) Bolger,Unknown,,
347,TA 2935,FO 10,Male,,,Odovacar Bolger,Hobbits,,Rosamunda Took
348,TA 2897,"Late ,Third Age",Female,,,Jessamine (Boffin) Bolger,Hobbits,,Herugar Bolger
349,,,,,,Gundahar Bolger,Unknown,,
350,TA 2980,"Early ,Fourth Age",Male,,,Fredegar Bolger,Hobbits,,"unknown, possibly unmarried"
351,TA 2942,FO 22,Male,Brown (movie),,Filibert Bolger,Hobbits,,Poppy Chubb-Baggins
352,,,,,,Adalgar Bolger,Unknown,,
353,,TA 2941,Male,None,"8,4  Body weight = 190kg",Bolg,Other,,
354,,,,,,Boldog (Character),Unknown,,
355,TA 2843,,Male,Dark Brown (films),,Bofur,Dwarves,,
356,,,,,,Uffo Boffin,Unknown,,
357,TA 2988,"Early-,Fourth Age",Male,,,Tosto Boffin,Hobbits,,
358,TA 2860,,Male,,,Rollo Boffin,Hobbits,,Lavender Grubb
359,TA 2812,TA 2900,Male,,,Otto Boffin,Hobbits,,Lavender Grubb
360,,,,,,Lavender (Grubb) Boffin,Unknown,,
361,TA 2894,TA 2986,Male,,,Jago Boffin,Hobbits,,Unnamed wife
362,"Late ,Third Age",Late Third Age ,Female,,,Ivy (Goodenough) Boffin,Hobbits,,Buffo Boffin
363,TA 2854,TA 2945,Male,,,Hugo Boffin,Hobbits,,Donnamira Took
364,,,,,,Gruffo Boffin,Unknown,,
365,TA 2946,,Male,,,Griffo Boffin,Hobbits,,Daisy Baggins
366,TA 2904,TA 3004,Female,,,Gerda (Boffin) Bolger,Hobbits,,Adalbert Bolger
367,TA 2978,"Early ,Fourth Age",Male,,,Folco Boffin,Hobbits,,
368,"before ,TA 2860",,Female,,,Druda Burrows Boffin,Hobbits,,Rollo Boffin
369,TA 2950,,Female,,,Daisy (Baggins) Boffin,Hobbits,,Griffo Boffin
370,"Late ,Third Age","Late ,Third Age",Male,,,Buffo Boffin,Hobbits,,Ivy Goodenough
371,,,,,,Briffo Boffin,Unknown,,
372,TA 2767,TA 2858,Male,,,Bosco Boffin,Hobbits,,Unnamed wife
373,TA 2769,,Male,,,Basso Boffin,Hobbits,,None
374,TA 2856,TA 2948,Female,,,Donnamira (Took) Boffin,Hobbits,,Hugo Boffin
375,,,,,,Bodruith,Unknown,,
376,"Late ,Third Age","Early ,Fourth Age",Male,,,Bob,Hobbits,,
377,TA 1560,"Sometime after ,TA 1601",Male,,,Blanco,Hobbits,,
378,,Late Third Age ,Male,,,Bladorthin,Men,"Lake-town,Dale,Rhûn,Dorwinion",
379,"Late ,Third Age","March 15 ,3019",Male,,,Black Serpent,Men,,
380,,,,,,Bilbo Gardner,Unknown,,
381,"22 September ,TA 2890","Unknown (Last sighting 29 SeptemberTA 3021,) (,SR 1421,)",Male,"Brown, later white","1.25m (4'1"")",Bilbo Baggins,Hobbits,,None
382,TA 2814,UnknownFourth Age,Male,Black/ Grey (film),"4'5"" (film)",Bifur,Dwarves,,
383,"Early  ,Third Age",,Female,,,Berúthiel,Men,Gondor,Tarannon Falastur
384,TA 3009,,Male,,,Bergil,Men,,
385,TA 2655,TA 2763,Male,,,Beren (Steward),Men,,Unnamed wife
386,FA 432,FA 466,Male,Dark,Tall,Beren,Men,,Lúthien Tinúviel
387,"Early ,Fourth Age",,Male,,,Berelach,Men,,
388,"Mid ,First Age",,Male,,,Beren (Belemir's son),Men,,Unnamed wife
389,TA 2837,,Male,,,Nori,Dwarves,,
390,SA 222,"Early ,Second Age",Male,,,Nolondil,Men,,Unnamed wife
391,"Late ,Third Age",,Male,,,Nob,Hobbits,,
392,FA 473,FA 499,Female,Golden,Tall,Niënor,Men,,Túrin Turambar
393,SR 1261,,Female,,,Nina Lightfoot,Hobbits,Shire,Theobald Bolger
394,YT,TA 1981,Female,Possibly golden,,Nimrodel,Elves,,"Loved ,Amroth"
395,"Unknown, possibly sometime during the ,Years of the Trees",FA 506,Female,,,Nimloth (elf),Elves,Doriath,Dior Eluchíl
396,"Before the creation of ,Arda",Immortal,Female,,,Nienna,Ainur,"Valinor,Halls of Nienna",None
397,unknown,Immortal,Female,,Various,Nielíqui,Ainur,,None
398,SA 840,"Mid ,Second Age",Female,,,Nessanië,Men,,
399,"Before the creation of ,Arda",Immortal,Female,,Varies,Nessa,Ainur,Valinor,Tulkas
400,"YT, during the ,Noontide of Valinor",Still alive,Female,Reddish brown,,Nerdanel,Elves,,Fëanor
401,,,Female,,,Nellas,Elves,,None
402,,,,,,Nauglath,Unknown,,
403,,,,,,Narvi,Unknown,,
404,,FA 503,Male,,,Naugladur,Dwarves,,
405,TA 1684,TA 1856,Male,,,Narmacil II,Men,,Unnamed wife
406,TA 1049,TA 1294,Male,,,Narmacil I,Men,Gondor,"Unknown, possibly none as he had no children"
407,,,,,,Nahar,Other,,
408,,,,,,Mûmakil,Unknown,,
409,"Early ,First Age",FA 502,Male,,,Mîm,Dwarves,,Unnamed wife
410,,"March ,3019",Male,,,Muzgash,Orcs,,
411,,YT 1170,Female,Silver,,Míriel,Elves,,Finwë
412,First Age,"Probably died on ,March 25TA 3019, during destruction of ,Mordor",Male,Most likely black or none,"6' 7"" (2.01 m)",Mouth of Sauron,Men,,None
413,,,,,,The Moth,Unknown,,
414,"Perhaps ,Firstborn",,,,,Morwë,Elves,,
415,"Late 26th century ,Third Age","Late ,Third Age",Female,,,Morwen (Gondor),Men,,Unnamed husband
416,FA 443,FA 500,Female,"Dark, grey in old age",Tall,Morwen,Men,,Húrin Thalion
417,,,Female,,,Mithrellas,Elves,,Imrazôr
418,,,,,,Minastan,Unknown,,
419,TA 1454,TA 1634,Male,,,Minardil,Men,Gondor,Unnamed wife
420,"Mid ,Third Age","July 13 ,1944",Male,,,Minohtar,Men,,
421,SR 1381,"Early-,Fourth Age",Male,,,Merimas Brandybuck,Hobbits,,
422,YT,"Unknown, presumably still alive",Female,,,Meril-i-Turinqi,Elves,Tol Eressëa,
423,,,Male,,,Meneldor,Other,,
424,SA 3318,TA 158,Male,,,Meneldil,Men,Gondor,Unnamed wife
425,,,,,,Men,Unknown,,
426,"Before the creation of ,Arda",Immortal,Male,Dark,Any size by choice,Melkor,Ainur,"Utumno,Angband,Middle-earth,Beleriand",
427,"Before the creation of ,Arda","Did not die being a ,Maia returned to ,Valinor, after the death of her husband Thingol",Female,Dark,,Melian,Ainur,Doriath,Thingol
428,Around FA 450 ,,Female,,,Meleth,Men,,Agathor
429,3019,"February 29 ,3019",Male,Black (film),,Mauhúr,Other,"Isengard,Saruman",none
430,TA 2890,TA 2941,Male,Auburn (film),"Tall (6'4"")",Master of Laketown,Men,Lake-town,
431,SR 1182,,Male,,,Marroc Brandybuck,Hobbits,,Unnamed wife
432,SR 1343,,Male,,,Marmadas Brandybuck,Hobbits,,Unnamed wife
433,"Mid-,Third Age",Mid-Third Age ,Male,,,Marhwini,Men,,Unnamed wife
434,"Mid ,Third Age",TA 1856,Male,,,Marhari,Men,,Unnamed wife
435,TA 1557,"Sometime after ,TA 1601",Male,,,Marcho,Hobbits,,
436,TA 1960,TA 2080,Male,,,Mardil Voronwë,Men,,Unnamed wife
437,FA 282,FA 376,Male,,,Marach,Men,,Unnamed wife
438,Before the Creation of Arda,Immortal,Male,,,Manwë,Ainur,"Arda,Valinor",Varda
439,"After ,SA 61","Early ,Second Age",Male,,,Manwendil,Men,,Possible unnamed wife
440,"Late ,First Age",Late First Age ,Male,,,Manthor,Men,,
441,Before the creation of Arda,,Male,,,Mandos,Ainur,,Vairë
442,TA 2940,TA 3015,Male,,,Gálmód,Men,,Unnamed wife
443,"Unknown, possibly during the ,First Age",FA 495,Male,Became grey in captivity,,Gwindor,Elves,,"None, betrothed to ,Finduilas"
444,,,Male,,,Gwaihir,Other,,
445,"Late ,Third Age","March 15 ,3019",Male,Blond,,Guthláf,Men,,
446,"Mid ,First Age",FA 456,Male,,,Gundor,Men,,
447,,,Male,,,Guilin,Elves,,Unnamed wife
448,TA 2563,TA 2805,Male,,,Grór,Dwarves,,Unnamed wife
449,TA 2671,TA 2923,Male,,,Gróin,Dwarves,,Unnamed wife
450,"Mid ,First Age",FA 474,Male,,,Grithnir,Men,,
451,,"February 29 ,3019",Male,,,Grishnákh,Orcs,,
452,"Late ,Third Age","March 15 ,3019",Male,,,Grimbold,Men,,
453,"Unknown, probably several years or so after the ,Battle of Five Armies","Unknown, early ,Fourth Age",Male,Dark,Tall (in Man-form),Grimbeorn,Men,,
454,TA 2862,,Female,,,Rose Greenhand,Hobbits,,Cotman Cotton
455,TA 2810,,Male,,,Holman Greenhand,Hobbits,,
456,TA 2859,,Male,,,Hending Greenhand,Hobbits,,
457,TA 2851,,Male,,,Halfred Greenhand,Hobbits,,
458,TA 2854,,Male,,,Erling Greenhand,Hobbits,,
459,,"July ,2941",Male,Grey/white strands of hair (film),About nine feet (film),Great Goblin,Orcs,,
460,"Late ,First Age",FA 460,Male,,,Gorlim,Men,,Eilinel
461,TA 2668,TA 2741,Male,,,Gram,Men,Rohan,Unnamed wife
462,,"March 15, 3019 (film)",Male,"white/gray, possibly light brown (film)","5'9"" - 6'4"" (film)",Gothmog (Lieutenant of Morgul),Orcs,"Minas Morgul,the Witch-King",None
463,"Before the creation of ,Arda",FA 510,Male,,,Gothmog,Maiar,,
464,,,Male,,,Gostir,Dragons,,
465,SR 1134,SR 1236,Male,,,"Gormadoc ""Deepdelver"" Brandybuck",Hobbits,Buckland,Malva Headstrong
466,TA 2274,,Male,,,Gorhendad (Oldbuck) Brandybuck,Hobbits,,Unnamed wife
467,,,,,,Gorgol,Unknown,,
468,TA 2908,"Before ,TA 3001",Male,,,Gorbulas Brandybuck,Hobbits,,Unnamed wife
469,,"March 14 ,3019, slain by ,Shagrat",Male,black,medium,Gorbag,Other,Cirith Ungol,
470,,,,,,Bell (Goodchild) Gamgee,Unknown,,
471,,,,,,Togo Goodbody,Unknown,,
472,,,,,,Lily (Baggins) Goodbody,Unknown,,
473,TA 2430,"March 25 ,3019",Male,,,Gollum,Hobbits,,
474,"Unknown, before ,TA 2700",TA 2747,Male,,,Golfimbul,Orcs,Mount Gram,None
475,,,Female,,,Hanna (Goldworthy) Brandybuck,Hobbits,,Madoc Brandybuck
476,TA 2619,TA 2699,Male,,,Goldwine,Men,Rohan,
477,,,,,,Goldilocks (Gardner) Took,Unknown,,
478,"Late ,Third Age",,Male,,,Golasgil,Men,,
479,"Late ,Third Age","Presumably sometime after ,TA 3019",Male,,,Harry Goatleaf,Men,,
480,FA 415,FA 473,Female,Blonde,,Glóredhel,Men,,Haldir
481,TA 2136,TA 2385,Male,,,Glóin (King of Durin's Folk),Dwarves,Grey Mountains,Unnamed wife
482,TA 2783,FO 15,Male,"Red, later White",,Glóin,Dwarves,,Unnamed wife
483,"Late ,Third Age",,Male,,,Gléowine,Men,,
484,"Possibly ,YT",FA 510,Male,Golden,Tall,Glorfindel,Elves,,None
485,"Unknown, late fifth or sixth century ,First Age",,Male,,,Glirhuin,Men,,
486,Presumably after Morgoth's return to Angband,FA 501,Male,None,Gigantic,Glaurung,Dragons,,None
487,TA 2732,TA 2770,Male,,,Girion,Men,,Unnamed wife
488,,,,,,Gimli (Elf),Unknown,,
489,TA 2879,"Unknown (Departed to ,Aman ,FO 120,)",Male,Auburn,,Gimli,Dwarves,,
490,SA 2630,,Male,,,Gimilzagar,Men,,
491,SA 3044,SA 3243,Male,,,Gimilkhâd,Men,,Unnamed wife
492,TA 2907,TA 3007,Female,Blonde (film),"Unknown (book) 1.66m (5'5"") (film)",Gilraen,Men,,Arathorn II
493,TA 2000,,Female,,,Gilmith,Half-elven,,
494,,Presumably still alive,Male,,,Gilfanon,Elves,,
495,,Possible sailed West,Male,Golden,,Gildor Inglorion,Elves,,
496,"Late ,First Age",FA 460,Male,,,Gildor (Edain),Men,,
497,FA 450,SA 3441,Male,Possibly golden (book) Dark brown (movie),Tall,Gil-galad,Elves,"Havens of Sirion,Lindon",
498,First Age,,Female,,,Gildis,Men,,"Hador, Lórindol"
499,"Late ,Third Age",,Male,Black,Short,Ghân-buri-Ghân,Other,,
500,,,Male,,,Gelmir (of Angrod's kin),Elves,,
501,,,,,,Robin Gardner,Unknown,,
502,,,,,,Primrose Gardner,Unknown,,
503,"Mid ,First Age",,Male,,,Gethron,Men,,
504,,FA 473,Male,,,Gelmir,Elves,,
505,,,,,,Pippin Gamgee,Unknown,,
506,,,,,,Wilcome Cotton,Unknown,,
507,TA 2941,FO 20,Male,,,Tolman Cotton,Hobbits,,Lily Brown
508,TA 2984,FO 61,Female,Light brown (film),,Rosie Cotton,Hobbits,,Sam Gamgee
509,TA 2983,,Female,,,Marigold (Gamgee) Cotton,Hobbits,,Tolman Cotton
510,"Late ,Third Age",,Female,,,Lily Cotton,Hobbits,,Farmer Cotton
511,,,,,,Carl Cotton,Unknown,,
512,TA 2886,,Male,,,Bowman Cotton,Hobbits,,None
513,TA 2980,FO 60,Male,,,Tolman Cotton Jr.,Hobbits,,Marigold Cotton
514,,,,,,Cottar,Unknown,,
515,,,,,,Cora Goodbody,Unknown,,
516,SA 3379,TA 2,Male,,,Ciryon,Men,,"Unknown, possibly known"
517,"Mid ,Second Age","After ,SA 1700",Male,Black,Tall,Ciryatur,Men,,
518,TA 820,TA 1015,Male,,,Ciryandil,Men,Gondor,Unnamed wife
519,TA 2449,TA 2567,Male,,,Cirion,Men,,Unnamed wife
520,,,,,,Poppy (Chubb-Baggins) Bolger,Unknown,,
521,TA 2903,TA 2999,Male,,,Falco Chubb-Baggins,Hobbits,,Unnamed wife
522,"Late ,Third Age",,Male,,,Ceorl,Men,,
523,SA 575,,Male,,,Cemendur (son of Axantur),Men,,Unnamed wife
524,SA 3399,TA 238,Male,,,Cemendur,Men,Gondor,Unnamed wife
525,TA 979,TA 1191,Male,,,Celepharn,Men,Arthedain,Unnamed wife
526,"During in the ,Noontide of Valinor",FA 506,Male,Fair,,Celegorm,Elves,,None
527,"Between the years ,SA 350, and SA 400","Still alive; Departed to ,Aman, in ,TA 2510",Female,Possibly silver,,Celebrían,Elves,,Elrond
528,TA 1062,TA 1272,Male,,,Celebrindor,Men,Arthedain,Unnamed wife
529,YT,"SA 1697 ,War of the Elves and Sauron",Male,Dark,,Celebrimbor,Elves,Eregion,
530,YT,"Still alive, departed over the sea in the early Fourth Age",Male,Silver,Tall,Celeborn,Elves,"Eregion,Lothlórien,Caras Galadhon",Galadriel
531,TA 1259,TA 1447,Male,,,Castamir the Usurper,Men,Gondor,Unnamed wife
532,"Before the Creation of ,Arda",FA 466,Male,Black with red stripes,Gigantic,Carcharoth,Other,Angband,
533,,,,,,Carc,Unknown,,
534,"During the ,Noontide of Valinor",FA 506,Male,Dark,,Caranthir,Elves,,Unnamed wife
535,TA 1058,TA 1304,Male,,,Calmacil,Men,Gondor,Unnamed wife
536,SA 512,SA 900,Male,,,Caliondo,Men,,Unnamed wife
537,,,,,,Calimmacil,Unknown,,
538,TA 1736,TA 1936,Male,,,Calimehtar,Men,Gondor,Unnamed wife
539,"Late ,First Age",FA 473,Male,,,Bór,Men,,Unnamed wife
540,FA 262,FA 355,Male,,,Bëor,Men,,Unnamed wife
541,"Late ,Third Age","Early ,Fourth Age",Male,Brown (movie),,Barliman Butterbur,Men,,
542,,,,,,Myrtle Burrows,Unknown,,
543,,,,,,Mosco Burrows,Unknown,,
544,TA 2974,"November 3 ,3019",Male,Black,,Gríma Wormtongue,Men,,
545,"Mid-,Second Age","March 15 ,3019",Male,"Brown, graying, later white","7' 1"" (2.13 metres)",Witch-king of Angmar,Men,"Angmar,Minas Morgul,Osgiliath",
546,TA 2800,,Male,,,Wiseman Gamwich,Hobbits,,Unnamed wife
547,"Late ,Third Age","Early ,TA 3019",Male,,,Willie Banks,Hobbits,Bree,
548,,,,,,Wife of Barach,Unknown,,
549,,,,,,Widow Rumble,Unknown,,
550,,,,,,Will Whitfoot,Unknown,,
551,Possibly pre First Age,Unknown; possibly still alive,Most likely male,None,Huge,Watcher in the Water,Other,Doors of Durin,Most likely none
552,,,,,,Warg Matriarch,Unknown,,
553,TA 2780,TA 2851,Male,,,Walda,Men,,Unnamed wife
554,SA 425,"Early ,Second Age",Male,,,Vëantur,Men,,Unnamed wife
555,,,,,,Vëannë,Unknown,,
556,First Age,,Male,,,Voronwë,Elves,,None known
557,TA 1919,TA 2029,Male,,,Vorondil,Men,,Unnamed wife
558,"Before ,TA 1255",TA 1344,Female,,,Vidumavi,Men,,Valacar
559,"Mid-,Third Age",,Male,,,Vidugavia,Men,Rhovanion,Unnamed wife
560,SA 203,"Early ,Second Age",Female,,,Vardilmë,Men,,
561,SA 61,SA 471,Male,,,Vardamir Nólimon,Men,Númenor,Unnamed wife
562,Before the creation of Arda,Immortal,Female,,,Varda,Ainur,Arda,Manwë
563,TA 462,TA 652,Male,,,Valandur,Men,Arnor,Unnamed wife
564,"Early ,Second Age","Early ,Second Age",Male,,,Valandil of Andúnië,Men,,
565,SA 3430,TA 249,Male,,,Valandil,Men,Arnor,Unnamed wife
566,TA 1194,TA 1432,Male,,,Valacar,Men,Gondor,Vidumavi
567,YT,,Female,,,Vairë (Elf),Elves,,Lindo
568,Before the creation of Arda,Immortal,Female,,,Vairë,Ainur,"Valinor,Halls of Mandos",Mandos
569,"Late ,First Age",FA 460,Male,,,Urthel,Men,,
570,,"Possibly end of ,First Age",Female,,Enormous,Ungoliant,Other,,
571,"Mid ,First Age",FA 473,Male,,,Ulwarth,Men,,
572,,,,,,Ulrad,Unknown,,
573,"Before the creation of ,Arda",Immortal,Male,,,Ulmo,Ainur,"Valinor,Ulmonan",None
574,"Mid ,First Age",FA 473,Male,,,Ulfast,Men,,
575,"Late ,First Age",FA 473,Male,,,Ulfang,Men,,Unnamed wife
576,"Mid ,First Age",FA 473,Male,,,Uldor,Men,,
577,"Early ,Second Age",Mid Second Age ,Male,,,Ulbar,Men,,Unnamed wife
578,"Before the creation of ,Arda",Immortal,Female,,,Uinen,Unknown,,Ossë
579,3019,February 293019,Male,Dark (movie),"6' 6"" (movie)",Uglúk,Other,Isengard,None
580,,3019,Male,,,Ufthak,Orcs,Cirith Ungol,None
581,TA 2815,TA 2914,Male,,,Túrin II,Men,,Unnamed wife
582,TA 2165,TA 2278,Male,,,Túrin I,Men,,Unnamed wife
583,FA 464,FA 499,Male,Dark,Tall,Túrin,Men,,Nienor
584,,,,,,Daddy Twofoot,Unknown,,
585,TA 2855,TA 2953,Male,,,Turgon (Steward),Men,,Unnamed wife
586,YT 1300,FA 510,Male,Dark,,Turgon,Elves,"Nevrast,Gondolin",Elenwë
587,TA 397,TA 667,Male,,,Turambar,Men,Gondor,Unnamed wife
588,FA 472,None; sailed into the West and was accounted amongst the Eldar,Male,Golden,Tall,Tuor,Men,,Idril Celebrindal
589,YT,,Male,,,Tulkastor,Elves,,Unnamed wife
590,"Before the creation of ,Arda",Immortal,Male,Golden,,Tulkas,Ainur,"Valinor,House of Tulkas",Nessa
591,YT,,Male,"Leaf, twig and moss like",15'4,Treebeard,Other,,Fimbrethil
592,TA 2890,TA 2981,Male,,,Sigismond Took,Hobbits,,Unnamed wife
593,SR 1256,,Female,,,Rosa (Baggins) Took,Hobbits,,Hildigrim Took
594,TA 2976,Fourth Age,Male,,,Beregond (Captain),Men,,Unnamed wife
595,TA 2700,TA 2811,Male,,,Beregond,Men,,Unnamed wife
596,FA 340,,Male,,,Bereg,Men,,
597,,"Before the ,War of the Ring",Male,Black,Tall,Beorn,Other,,
598,FA 292,,Male,,,Belen,Men,,Unnamed wife
599,FA 339,,Male,,,Belemir,Men,,Adanel
600,"Late ,First Age",FA 460,Male,,,Belegund,Men,,Unnamed wife
601,TA 2074,TA 2204,Male,,,Belegorn,Men,,Unnamed wife
602,TA 811,TA 1029,Male,,,Beleg of Arnor,Men,"Arnor,Arthedain",Unnamed wife
603,,FA 489,Male,,,Beleg,Elves,,
604,TA 2752,TA 2872,Male,,,Belecthor II,Men,,Unnamed wife
605,TA 2545,TA 2655,Male,,,Belecthor I,Men,,Unnamed wife
606,"Mid-,First Age",,Female,Brown,,Beldis,Men,,Handir
607,FA 316,,Male,,,Beldir,Men,,Unnamed wife
608,,"March 3 ,3019",Male,Leafy-hair,Very tall,Beechbone,Other,,
609,TA 2985,"Early ,Fourth Age",Male,,"6'2""",Bard II,Men,"Dale,Lake-town",
610,TA 2898,TA 2977,Male,Black (films),,Bard,Men,Dale,Unnamed wife
611,FA 317,,Male,,,Baranor,Men,,Unnamed wife
612,FA 289,FA 380,Male,,,Baran,Men,Estolad,Unnamed wife
613,TA 2290,TA 2412,Male,,,Barahir (Steward),Men,Gondor,Unnamed wife
614,,,,,,Barahir (Fourth Age),Unknown,,
615,FA 402,FA 460,Male,Possibly dark,,Barahir,Men,,Emeldir
616,FA 420,FA 460,Male,,,Baragund,Men,,Unnamed wife
617,TA 2763,TA 2994,Male,White,,Balin,Dwarves,,
618,,,,,,Baldor,Unknown,,
619,,,,,,Balcmeg,Unknown,,
620,TA 2925,TA 3007,Male,Brown (film),"1.76m / 5'9"" (film)",Bain,Men,Dale,Unnamed wife
621,,,,,,Ruby (Bolger) Baggins,Unknown,,
622,TA 2948,,Male,,,Porto Baggins,Hobbits,,
623,TA 2946,,Male,,,Ponto Baggins II,Hobbits,,Unnamed wife
624,,,,,,Ponto Baggins I,Unknown,,
625,TA 2816,TA 2911,Male,,,Ponto Baggins,Hobbits,,Mimosa Bunce
626,,,,,,Polo Baggins,Unknown,,
627,TA 2950,,Female,,,Peony (Baggins) Burrows,Hobbits,,Milo Burrows
628,,,,,,Pansy Baggins,Unknown,,
629,,,,,,Man in the Moon,Unknown,,
630,TA 1144,TA 1349,Male,,,Malvegil,Men,Arthedain,Unnamed wife
631,,,Female,,,"Malva ""Headstrong"" Brandybuck",Hobbits,,Gormadoc Brandybuck
632,TA 895,TA 1110,Male,,,Mallor,Men,"Arthedain,Arnor",Unnamed wife
633,"Mid ,Third Age",Mid Third Age ,Male,"Dark, later grey ",,Malbeth the Seer,Men,,"Unknown, possible none"
634,,,,,,Malantur,Unknown,,
635,,,,,,Mallor (BOH),Unknown,,
636,FA 307,FA 398,Male,,,Malach,Men,,Meldis
637,SA 377,,Female,,,Mairen,Men,,
638,UnknownYT,Still alive,Male,Brown with copperlike-red,,Mahtan,Elves,,Unnamed wife
639,F.A. 341,,Male,,,Magor,Men,,
640,"During the ,Noontide of Valinor",Fate unknown,Male,Dark,,Maglor,Elves,,Unnamed wife
641,TA 2948,,Male,Brown,,Farmer Maggot,Hobbits,,Unnamed wife
642,FA 320,FA 510,Male,Black,Tall,Maeglin,Elves,,None
643,"During the ,Noontide of Valinor",FA 587,Male,Dark red,Tall,Maedhros,Elves,,None
644,"Late ,Third Age",,Male,Dark,Tall,Mablung the Ranger,Men,,
645,,FA 502,Male,,,Mablung,Elves,,
646,YT 1200,FA 503,Female,Black,,Lúthien,Elves,,Beren Erchamion
647,"Late ,Third Age",TA 2994,Male,,,Lóni,Dwarves,,
648,TA 2752,TA 2842,Male,,,Brytta Léofa,Men,Rohan,Unnamed wife
649,TA 2459,TA 2501,Male,,,Léod,Men,,Unnamed wife
650,"Before the creation of ,Arda",First Age,Male,Mane of red flame,,Lungorthin,Other,,
651," ,3019",February 293019,Male,Dark,6'1 (film),Lugdush,Other,,
652,TA 2999,,Female,,,Lothíriel,Men,Rohan,omer
653,"Late ,First Age",Late First Age ,Male,,,Lorgan,Men,,
654,"Late ,Second Age",Late Second Age ,Female,,,Lindórië,Men,,Unknown husband
655,YT,,Male,,,Lindo,Elves,,Vairë
656,SA 551,,Female,,,Lindissë,Men,,
657,,"Possibly departed to ,Aman",Male,Brown (films),Tall,Lindir,Elves,,
658,SR 1313,Between SR 1401-1418,,,3'8',Letter 211,Unknown,,Lilah Took
659,YT,YT (possibly),Male,,,Lenwë,Elves,,Unnamed wife
660,,,Male,,,Legolas (elf of Gondolin),Elves,,
661,,"Still alive, departed to ,Aman ,FO 120",Male,"Uncertain (book), Blonde (films)",,Legolas,Elves,,
662,"Late ,First Age",,Male,,,Larnach,Men,,Unnamed wife
663,"Possibly ,First Age",Possibly still alive,Male,,,Landroval,Other,,
664,FA 466,FA 469,Female,Blonde,,Lalaith,Men,,
665,,,,,,Hamfast Gardner,Unknown,,
666,March 253021,"Early ,Fourth Age",Female,Blonde or Golden,,Elanor Gardner,Hobbits,,Fastred of Greenholm
667,Before the the Shaping of Arda,"January 253019 ,Battle of the Peak immortal",Male,"Grey, later white",,Gandalf,Maiar,,
668,"Possibly late ,Third Age",,Male,Possibly blond,,Gamling,Men,,
669,"April 6 ,2980","Still alive, after going to the ,Undying Lands, in ,FO 61",Male,Blond (movie),"1.22m (4'0"")",Samwise Gamgee,Hobbits,,Rosie Cotton
670,,,,,,Rose Gamgee,Unknown,,
671,,,,,,Gamil Zirak,Unknown,,
672,TA 2976,,Female,,,May Gamgee,Hobbits,,
673,TA 2965,,Male,,,Hamson Gamgee,Hobbits,,None
674,TA 2926,FO 7 (SR 1428),Male,"Brown, later gray","1.2m (3'11"")",Hamfast Gamgee,Hobbits,,Bell Goodchild
675,TA 2969,,Male,,,Halfred Gamgee,Hobbits,,
676,FO 2,FO ,Male,,,Frodo Gardner,Hobbits,,Unnamed wife
677,TA 2972,FO 54,Female,,,Daisy Gamgee I,Hobbits,,
678,,,,,,Bilbo Gamgee,Unknown,,
679,,,,,,Halfast Gamgee,Unknown,,
680,,,,,,Merry Gamgee,Unknown,,
681,,,Male,,,Galion,Elves,,
682,,,Male,,,Galdor of the Tree,Elves,,
683,,,Male,Golden (movie),6'3 (movie),Galdor of the Havens,Elves,,
684,FA 417,FA 462,Male,,Tall,Galdor,Men,,Hareth
685,,,,,,Galar,Unknown,,
686,YT 1362,"Still alive: Departed over the sea on ,September 29 ,3021",Female,Golden,Tall,Galadriel,Elves,"Eregion,Lothlórien,Caras Galadhon",Celeborn
687,,,Male,,,Galathil,Elves,,Unnamed Wife
688,TA 2004,TA 2129,Male,,,Galador,Half-elven,,Unnamed wife
689,,,,,,Fíriel Fairbairn,Unknown,,
690,TA 1896,,Female,,,Fíriel,Men,Arthedain,Arvedui
691,TA 2859,November 23TA 2941,Male,Yellow,,Fíli and Kíli,Dwarves,,None
692,YT 1169,YT 1497,Male,Raven,Tall,Fëanor,Elves,"Tirion,Formenos",Nerdanel
693,TA 2662,TA 2799,Male,,,Fundin,Dwarves,,Unnamed wife
694,,,,,,Fuithluin,Unknown,,
695,Second Age,,Male,,,Fuinur,Men,,
696,TA 2552,TA 2589,Male,,,Frór,Dwarves,,
697,TA 2594,TA 2680,Male,,,Fréawine,Men,Rohan,
698,TA 2726,TA 2798,Male,,,Fréaláf Hildeson,Men,Rohan,Unnamed wife
699,TA 2570,TA 2659,Male,,,Fréa,Men,Rohan,Unnamed wife
700,"Late ,Third Age",November 102994,Male,,,Frár,Dwarves,,
701,TA 1940,TA 2001,Male,,,Frumgar,Men,,Unnamed wife
702,TA 2751,TA 2799,Male,,,Frerin,Dwarves,,
703,TA 2698,TA 2754,Male,Dark,,Freca,Men,,Unnamed wife
704,TA 1967,"Unknown, sometime after ,TA 2000",Male,,,Fram,Men,,"Unknown, probably as he had descendants"
705,"Late ,First Age",Late First Age ,Male,Fair,,Forweg,Men,,"Unknown, probably none"
706,TA 2745,TA 2848,Male,,,Fortinbras Took I,Hobbits,,Unnamed wife
707,"Mid ,Third Age",TA 1944,Male,,,Forthwini,Men,,"Unknown, but possible since he had descendants"
708,"Late ,Third Age",TA 3019,Male,,,Forlong,Men,,unknown
709,TA 2830,TA 2903,Male,,,Folcwine,Men,Rohan,Unnamed wife
710,TA 2858,TA 2885,Male,,,Folcred,Men,,
711,TA 2804,TA 2864,Male,,,Folca,Men,,Unnamed wife
712,"Late ,Third Age",TA 2994,Male,,,Flói,Dwarves,,
713,,,,,,Fladrif,Unknown,,
714,,,,,,Moro Burrows,Unknown,,
715,TA 2996,,Male,,,Minto Burrows,Hobbits,,
716,SR 1347,,Male,,,Milo Burrows,Hobbits,,Peony Baggins
717,TA 1930,TA 2031,Male,,,Bucca of the Marish,Hobbits,,
718,,,,,,Broncho Stonecrow,Unknown,,
719,TA 2857,,Female,,,Sapphira (Brockhouse) Boffin,Hobbits,,Uffo Boffin
720,"Mid ,First Age",Late First Age ,Male,,,Bregor,Men,,Unnamed wife
721,TA 2913,TA 3012,Female,,,Asphodel (Brandybuck) Burrows,Hobbits,,Rufus Burrows
722,,,,,,Brodda,Unknown,,
723,"Late ,First Age",FA 455,Male,,,Bregolas,Men,,Unnamed wife
724,TA 2512,TA 2570,Male,,,Brego,Men,Rohan,Unnamed wife
725,TA 2519,,Male,Leafy-hair,,Bregalad,Other,,
726,,,,,,Salvia (Brandybuck) Bolger,Unknown,,
727,,,,,,Rorimac Brandybuck,Unknown,,
728,TA 2920,TA 2980,Female,,,Primula (Brandybuck) Baggins,Hobbits,,Drogo Baggins
729,TA 2860,TA 2960,Female,,,Mirabella (Took) Brandybuck,Hobbits,,Gorbadoc Brandybuck
730,TA 2948,,Male,,,Seredic Brandybuck,Hobbits,,Hilda Bracegirdle
731,,,,,,Merimac Brandybuck,Unknown,,
732,,,,,,Orgulas Brandybuck,Unknown,,
733,TA 2982,FO 65,Male,Golden yellow (film),"1.38m (4'6"")",Meriadoc Brandybuck,Hobbits,,Estella (Bolger) Brandybuck
734,TA 2983,"Early-,Fourth Age",Female,Dark Brown,,Mentha Brandybuck,Hobbits,,
735,SR 1385,,Female,,,Melilot Brandybuck,Hobbits,,
736,SR 1175,SR 1277,Male,,,Madoc Brandybuck,Hobbits,Buckland,Hanna Goldworthy
737,,,,,,Ilberic Brandybuck,Unknown,,
738,,,,,,Gorbadoc Brandybuck,Unknown,,
739,,,,,,Marmadoc Brandybuck,Unknown,,
740,TA 2985,"Before ,FO 63",Female,Dark Blonde,,Estella (Bolger) Brandybuck,Hobbits,,Meriadoc Brandybuck
741,TA 2954,,Female,,,Hilda Brandybuck,Hobbits,,Seredic Brandybuck
742,TA 2936,,Female,,,Esmeralda Brandybuck,Hobbits,,Saradoc Brandybuck
743,,,,,,Doderic Brandybuck,Unknown,,
744,TA 2994,,Female,,,Celandine Brandybuck,Hobbits,,None
745,,,,,,Berilac Brandybuck,Unknown,,
746,TA 2904,TA 2998,Female,,,Amaranth Brandybuck,Hobbits,,None
747,TA 2818,,Female,,,Adaldrida (Bolger) Brandybuck,Hobbits,,Marmadoc Brandybuck
748,First Age,FA 499,,,,Brandir,Men,,
749,TA 2957,"March 17 ,3019",Male,,,Brand,Men,"Dale,Laketown",Unnamed wife
750,TA 2865,,Female,,,Primrose Bracegirdle,Hobbits,,Blanco Bracegirdle
751,TA 2913,TA 3010,Male,,,Bruno Bracegirdle,Hobbits,,Unnamed wife
752,TA 2865,,Male,,,Blanco Bracegirdle,Hobbits,,Primrose Boffin
753,"Late ,First Age",FA 473,Male,,,Borthand,Men,,
754,"Late ,Third Age","April 15 ,2510",Male,,,Borondir,Men,,
755,First Age,First Age ,Male,,,Boron,Men,,Unnamed wife
756,TA 2410,TA 2489,Male,,,Boromir (Steward),Men,,Unnamed wife
757,FA 338,FA 432,Male,,,Boromir (House of Bëor),Men,,Unnamed wife
758,,,,,,Reginard Took,Unknown,,
759,,,,,,Pimpernel Took,Unknown,,
760,,,,,,Pervinca Took,Unknown,,
761,TA 2990,FO 65,Male,Almost golden,"1.34m (4'5"")",Peregrin Took,Hobbits,,Diamond of Long Cleeve
762,TA 2975,"before ,FO 63",Female,,,Pearl Took,Hobbits,,None
763,TA 2933,FO 13,Male,,,Paladin Took II,Hobbits,,Eglantine Banks
764,,,,,,Lalia (Clayhanger) Took,Unknown,,
765,TA 2847,"TA 2946, (SR 1346",Male,,,Isembard Took,Hobbits,,
766,SR 1240,SR 1341,Male,,,Hildigrim Took,Hobbits,,Rosa Baggins
767,TA 2844,,Male,,,Hildifons Took,Hobbits,,
768,TA 2849,TA 2934,Male,,,Hildibrand Took,Hobbits,,
769,TA 2790,TA 2920,Male,,,Gerontius Took,Hobbits,,Adamanta Chubb
770,,,,,,Flambard Took,Unknown,,
771,,,,,,Ferdinand Took,Unknown,,
772,TA 2916,TA 3015,Male,,,Ferumbras III Took,Hobbits,,None
773,TA 2928,FO 2,Male,,,Adelard Took,Hobbits,,Unnamed wife
774,TA 2817,TA 2923,Female,,,Adamanta (Chubb) Took,Hobbits,,"Gerontius ""The Old"" Took"
775,,,,,,Ferdibrand Took,Unknown,,
776,TA 2880,TA 2982,Male,,,Adalgrim Took,Hobbits,,Unnamed wife
777,,,,,,Everard Took,Unknown,,
778,TA 2701,TA 2800,Male,,"1.35m (4'5"")",Bandobras Took,Hobbits,,Unnamed wife 
779,TA 2666,TA 2759,Male,,,Isumbras Took III,Hobbits,,Unnamed wife
780,TA 2620,TA 2722,Male,,,Isengrim Took II,Hobbits,,Unnamed wife
781,TA 2878,TA 2980,Male,,,Fortinbras Took II,Hobbits,,Lalia Clayhanger
782,,,,,,Tolman Gardner,Unknown,,
783,TA 2295,TA 2398,Male,,,Isumbras Took I,Hobbits,,
784,FO 10,FO 112,Male,,,Faramir Took I,Hobbits,,Goldilocks Gardner
785,"Third Age, or before",,Male,None,About 13',"Tom, Bert, and William",Other,,None
786,"After ,SA 61","Early ,Second Age",Female,,,Tindómiel,Men,,
787,,,,,,Tim,Unknown,,
788,Before the creation of Arda,Immortal,Male, ,,Tilion,Ainur,,None
789,,,,,,Théodwyn,Unknown,,
790,TA 2978,"February 25 ,3019",Male,,,Théodred,Men,,
791,"TA 2948 ,Gondor","March 15 ,3019",Male,White with braids (book) Blonde (films),Tall,Théoden,Men,,Elfhild
792,,FA 465,Female,,,Thuringwethil,Other,,
793,TA 2542,TA 2790,Male,Grey-white,,Thrór,Dwarves,"Grey Mountains,Lonely Mountain",Unnamed wife
794,TA 2644,TA 2850,Male,,,Thráin II,Dwarves,Lonely Mountain,Unnamed wife
795,First Age,"Presumably departed to ,Aman",Male,Golden,Tall,Thranduil,Elves,"Woodland Realm,Mirkwood",Unnamed wife
796,"Before the Creation of ,Arda",Immortal,Male,,30,Thorondor,Other,,
797,TA 1934,TA 2190,Male,,,Thráin I,Dwarves,Khazad-dûm,Unnamed wife
798,TA 2782,TA 2882,Male,,,Thorondir,Men,,Unnamed wife
799,TA 2866,"FO 137,(aged 280)",Male,,,Thorin III Stonehelm,Dwarves,"Lonely Mountain,Iron Hills",
800,TA 2746,"November 23, TA 2941",Male,,,Thorin II Oakenshield,Dwarves,Ered Luin,
801,TA 2035,TA 2289,Male,,,Thorin I,Dwarves,"Lonely Mountain,Grey Mountains",Unnamed wife
802,YT 1050,FA 502,Male,Silver,"Tallest of the Elven-folk, 8'2""",Thingol,Elves,Doriath,Melian
803,TA 2905,TA 2980,Male,,,Thengel,Men,Rohan,Morwen Steelsheen
804,Second Age,"Sometime after the ,War of the Last Alliance",Male,,Tall,The King of the Dead,Men,"White Mountains,Paths of the Dead",
805,TA 1516,TA 1636,Male,,,Telemnar,Men,Gondor,Unnamed wife
806,First Age,First Age,Male,,,Telchar,Dwarves,,
807,"Unknown, awakened in the ,Years of the Trees",,Female,,,Tatië,Elves,,Tata
808,TA 1632,TA 1850,Male,,,Telumehtar,Men,Gondor,Unnamed wife
809,"Unknown, awakened in the ,Years of the Trees",,Male,,,Tata,Elves,,Tatië
810,TA 372,TA 602,Male,,,Tarondor of Arnor,Men,Arnor,Unnamed wife
811,"Late ,Third Age",,Male,,,Targon,Men,,
812,,,,,,Mimosa (Bunce) Baggins,Unknown,,
813,TA 2860,TA 2950,Male,,,Longo Baggins,Hobbits,,Camellia (Sackville) Baggins
814,TA 2814,TA 2916,Female,,,Laura (Grubb) Baggins,Hobbits,,Mungo Baggins
815,TA 1577,TA 1798,Male,,,Tarondor,Men,Gondor,Unnamed wife
816,"After ,TA 654","Before ,TA 913",Male,,,Tarciryan,Men,,Unnamed wife
817,TA 2807,TA 2900,Male,,,Mungo Baggins,Hobbits,,Laura Grubb
818,,,,,,Largo Baggins,Unknown,,
819,"22 September ,TA 2968","Unknown (Last sighting ,September 29 ,3021,) (,SR 1421,)",Male,Brown,"1.06m (3'6"")",Frodo Baggins,Hobbits,,
820,TA 2864,TA 2960,male,,,Fosco Baggins,Hobbits,,Ruby Bolger
821,TA 2911,TA 3009,Male,,,Dudo Baggins,Hobbits,,Unnamed wife
822,TA 2908,TA 2980,Male,,,Drogo Baggins,Hobbits,,Primula Brandybuck
823,,,,,,Dora Baggins,Unknown,,
824,,,,,,Bingo Baggins,Unknown,,
825,,,,,,Chica (Chubb) Baggins,Unknown,,
826,TA 2846,TA 2926,Male,,,Bungo Baggins,Hobbits,,
827,TA 2772,TA 2871,Female,,,Berylla (Boffin) Baggins,Hobbits,,Balbo Baggins
828,TA 2852,TA 2934,Female,Black,,Belladonna (Took) Baggins,Hobbits,,Bungo Baggins
829,TA 2767,TA 2858,Male,,,Balbo Baggins,Hobbits,,Berylla (Boffin) Baggins
830,TA 2981,"Early-,Fourth Age",Female,Blonde,,Angelica Baggins,Hobbits,,
831,,TA 2799,Male,none,8'5,Azog,Orcs,"Moria,Mount Gundabad",
832,FA 214,FA 473,Male,,,Azaghâl,Dwarves,,
833,SA 395,,Male,,,Axantur,Men,,Unnamed wife
834,"Before the creation of ,Arda",Immortal,Male,,,Aulë,Ainur,,Yavanna
835,SA 213,"Early ,Second Age",Male,,,Aulendil (Vardamir's son),Men,,Unnamed wife
836,TA 977,TA 1226,Male,,,Atanatar II,Men,Gondor,Unnamed wife
837,TA 480,TA 748,Male,,,Atanatar I,Men,Gondor,Unnamed wife
838,"After ,SA 61","Early ,Second Age",Male,,,Atanalcar,Men,,Possible unnamed wife
839,,,,,,Asgon,Unknown,,
840,TA 241,FO 121,Female,Black,,Arwen,Half-elven,Reunited Kingdom,Aragorn II Elessar
841,TA 1633,TA 1813,Male,,,Arveleg II,Men,"Arthedain,Arnor",Unnamed wife
842,TA 1309,TA 1409,Male,,,Arveleg I,Men,"Arnor,Arthedain",Unnamed wife
843,TA 1553,TA 1743,Male,,,Arvegil,Men,"Arthedain,Arnor",Unnamed wife
844,TA 1864,TA 1975,Male,,,Arvedui,Men,Arthedain,Fíriel
845,"Late ,First Age",FA 460,Male,,,Arthad,Men,,
846,,,,,,Artamir,Unknown,,
847,,,Male,,,Arminas,Elves,,
848,"Before the creation of ,Arda",Immortal,Female,,,Arien,Ainur,,None
849,TA 2757,TA 2912,Male,,,Argonui,Men,,Unnamed wife
850,Years of the Trees,"YT 1500, or ,FA 1 ,Battle of the Lammoth",Male,Possibly dark,Tall,Argon,Elves,,None
851,TA 1473,TA 1670,Male,,,Argeleb II,Men,Arthedain,Unnamed wife
852,TA 1226,TA 1356,Male,,,Argeleb I,Men,"Arthedain,Arnor",Unnamed wife
853,YT 1362,FA 400,Female,Dark,Tall,Aredhel,Elves,,Eöl
854,SA 562,,Male,,,Ardamir (son of Axantur),Men,,
855,"After ,TA 1684",,Male,,,Arciryas,Men,,Unnamed wife
856,TA 2497,TA 2654,Male,,,Aravorn,Men,,Unnamed wife
857,TA 2156,TA 2319,Male,,,Aravir,Men,,Unnamed wife
858,TA 1711,TA 1891,Male,,,Araval,Men,"Arthedain,Arnor",Unnamed wife
859,TA 2873,TA 2933,Male,Dark (film),,Arathorn II,Men,,Gilraen
860,TA 2693,TA 2848,Male,,,Arathorn I,Men,,Unnamed wife
861,SA 3339,,Male,,,Aratan,Men,TA 2,"Unknown, possibly known"
862,TA 2628,TA 2784,Male,,,Arassuil,Men,,Unnamed wife
863,TA 1391,TA 1589,Male,,,Araphor,Men,Arthedain,Unnamed wife
864,TA 185,TA 435,Male,,,Arantar,Men,Arnor,Unnamed wife
865,TA 1789,TA 1964,Male,,,Araphant,Men,Arthedain,Unnamed wife
866,,,Male,,,Aranwë,Elves,,Unnamed wife
867,TA 2084,TA 2247,Male,,,Aranuir,Men,,Unnamed wife
868,TA 1938,TA 2106,Male,,,Aranarth,Men,,Unnamed wife
869,TA 2012,TA 2177,Male,,,Arahael,Men,,Unnamed wife
870,TA 2563,TA 2719,Male,,,Arahad II,Men,,Unnamed wife
871,TA 2365,TA 2523,Male,,,Arahad I,Men,,Unnamed wife
872,TA 2431,TA 2588,Male,,,Aragost,Men,,Unnamed wife
873,"March 1 ,2931",FO 120,Male,Dark,"198cm (6'6"")",Aragorn II Elessar,Men,"Reunited Kingdom,Arnor,Gondor",Arwen
874,TA 2227,TA 2327,Male,,,Aragorn I,Men,,Unnamed wife
875,TA 2296,TA 2455,Male,,,Araglas,Men,,Unnamed wife
876,TA 2820,TA 2930,Male,"Dark, then grey (film)",,Arador,Men,,Unnamed wife
877,SA 2798,SA 3033,Male,,,Ar-Zimrathôn,Men,Númenor,Unnamed wife
878,"Mid-,Third Age",,Male,,,Angamaitë,Men,,
879,FA 440,FA 489,Male,,,Andróg,Men,,Unnamed wife
880,FA 361,FA 455,Female,Dark brown,,Andreth,Men,,"Loved ,Aegnor, but they never married"
881,Possibly before the Creation of Arda,FA 587,Male,,As tall as a mountain,Ancalagon,Dragons,,
882,"Late ,Third Age",,Male,Dark,,Anborn,Men,,
883,TA 136,TA 411,Male,,,Anardil,Men,Gondor,Unnamed wife
884,YT,,Female,,,Anairë,Elves,,Fingolfin
885,TA 2994,,Male,,,Amrothos,Men,,
886,,,,,,Andvír,Unknown,,
887,,TA 1981,Male,Golden,,Amroth,Elves,Lórien,Nimrodel
888,Years of the Trees,"YT 1497 ,Losgar",Male,Dark red,,Amrod,Elves,,None
889,Years of the Trees,FA 538,Male,Dark red,,Amras,Elves,Estolad,None
890,TA 726,TA 946,Male,,,Amlaith,Men,Arthedain,Unnamed wife
891,,,,,,Amlach,Unknown,,
892,"Sometime during ,Years of the Trees, or the ,First Age",SA 3434,Male,,,Amdír,Elves,Lórien,Unnamed wife
893,YT,Still alive,Female,,,Amarië,Elves,,"Loved ,Finrod, but it is unknown whether they married"
894,"Late ,Second Age",Sailed West either SA 3310 fate unknown,Male,,,Amandil,Men,,Unnamed wife
895,TA 3017,FO 95,Male,,,Alphros,Men,,
896,"Between ,SA 700, and ,SA 750","Early ,Second Age",Female,,,Almiel,Men,,
897,"Between ,SA 700, and ,SA 750","Early ,Second Age",Female,,,Ailinel,Men,,Orchaldor
898,,,Female,,,Almarian,Men,Númenor,Tar-Meneldur
899,"Late ,First Age",FA 489,Male,,,Algund,Men,,None known
900,TA 2544,TA 2645,Male,,,Aldor,Men,Rohan,Unnamed wife
901,TA 1330,TA 1540,Male,,,Aldamir,Men,Gondor,Unnamed wife
902,Before the creation of Arda,,Male,,,Alatar,Ainur,,None
903,TA 2827,TA 2932,Male,,,Aglahad,Men,,Unnamed wife
904,,,,,,Aghan,Unknown,,
905,,,,,,Agathor,Unknown,,
906,"Mid ,First Age",FA 495,Female,,,Aerin,Men,,Brodda
907,,,,,,Aerandir,Unknown,,
908,"YT during the ,Noontide of Valinor",FA 455,Male,Golden,,Aegnor,Elves,,"Loved ,Andreth but remained unmarried"
909,TA 2917,TA 3010,Male,,,Adrahil II,Men,,Unnamed wife
910,"Before ,TA 1944","Late ,Third Age",Male,,,Adrahil I,Men,,
